<?xml version="1.0" encoding="UTF-8" ?>
<!DOCTYPE mapper
PUBLIC "-//mybatis.org//DTD Mapper 3.0//EN"
"http://mybatis.org/dtd/mybatis-3-mapper.dtd">
<mapper namespace="com.ruoyi.project.system.files.mapper.FilesMapper">
    
    <resultMap type="Files" id="FilesResult">
        <result property="id"    column="id"    />
        <result property="url"    column="url"    />
        <result property="status"    column="status"    />
        <result property="fileName"    column="file_name"    />
        <result property="remark"    column="remark"    />
        <result property="type"    column="type"    />
        <result property="delFlag"    column="del_flag"    />
        <result property="createBy"    column="create_by"    />
        <result property="createByName"    column="create_by_name"    />
        <result property="createTime"    column="create_time"    />
        <result property="updateBy"    column="update_by"    />
        <result property="updateByName"    column="update_by_name"    />
        <result property="updateTime"    column="update_time"    />
        <result property="suffix"    column="suffix"    />
        <result property="content"    column="content"    />
    </resultMap>
	
	<sql id="selectFilesVo">
        select id, url, status, file_name, remark, type, del_flag, create_by,create_by_name, create_time, update_by,update_by_name, update_time ,suffix,content from sys_files
    </sql>
	
    <select id="selectFilesList" parameterType="Files" resultMap="FilesResult">
        <include refid="selectFilesVo"/>
        <where>  
            <if test="id != null "> and id = #{id}</if>
             <if test="url != null  and url != '' "> and url = #{url}</if>
             <if test="status != null  and status != '' "> and status = #{status}</if>
             <if test="fileName != null  and fileName != '' "> and file_name like concat('%',#{fileName},'%') </if>
             <if test="remark != null  and remark != '' "> and remark = #{remark}</if>
             <if test="type != null  and type != '' "> and type = #{type}</if>
             <if test="delFlag != null  and delFlag != '' "> and del_flag = #{delFlag}</if>
             <if test="createBy != null  and createBy != '' "> and create_by = #{createBy}</if>
             <if test="createByName != null  and createByName != '' "> and create_By_Name = #{createByName}</if>
             <if test="createTime != null "> and create_time = #{createTime}</if>
             <if test="updateBy != null  and updateBy != '' "> and update_by = #{updateBy}</if>
             <if test="updateTime != null "> and update_time = #{updateTime}</if>
             <if test="suffix != null "> and suffix = #{suffix}</if>
            <if test="content != null "> and content = #{content}</if>
         </where>
    </select>
    
    <select id="selectFilesById" parameterType="Integer" resultMap="FilesResult">
        <include refid="selectFilesVo"/>
        where id = #{id}
    </select>
        
    <insert id="insertFiles" parameterType="Files">
        insert into sys_files
		<trim prefix="(" suffix=")" suffixOverrides=",">
			<if test="id != null  ">id,</if>
			<if test="url != null  and url != ''  ">url,</if>
			<if test="status != null  and status != ''  ">status,</if>
			<if test="fileName != null  and fileName != ''  ">file_name,</if>
			<if test="remark != null  and remark != ''  ">remark,</if>
			<if test="type != null  and type != ''  ">type,</if>
			<if test="delFlag != null  and delFlag != ''  ">del_flag,</if>
			<if test="createBy != null  and createBy != ''  ">create_by,</if>
            <if test="createByName != null  and createByName != ''  ">create_by_name,</if>
			<if test="createTime != null  ">create_time,</if>
			<if test="updateBy != null  and updateBy != ''  ">update_by,</if>
            <if test="updateByName != null  and updateByName != ''  ">update_by_name,</if>
			<if test="updateTime != null  ">update_time,</if>
            <if test="suffix != null  ">suffix,</if>
            <if test="content != null  ">content,</if>
         </trim>
        <trim prefix="values (" suffix=")" suffixOverrides=",">
			<if test="id != null  ">#{id},</if>
			<if test="url != null  and url != ''  ">#{url},</if>
			<if test="status != null  and status != ''  ">#{status},</if>
			<if test="fileName != null  and fileName != ''  ">#{fileName},</if>
			<if test="remark != null  and remark != ''  ">#{remark},</if>
			<if test="type != null  and type != ''  ">#{type},</if>
			<if test="delFlag != null  and delFlag != ''  ">#{delFlag},</if>
			<if test="createBy != null  and createBy != ''  ">#{createBy},</if>
            <if test="createByName != null  and createByName != ''  ">#{createByName},</if>
			<if test="createTime != null  ">#{createTime},</if>
			<if test="updateBy != null  and updateBy != ''  ">#{updateBy},</if>
            <if test="updateByName != null  and updateByName != ''  ">#{updateByName},</if>
			<if test="updateTime != null  ">#{updateTime},</if>
            <if test="suffix != null  ">#{suffix},</if>
            <if test="content != null  ">#{content},</if>
         </trim>
    </insert>
	 
    <update id="updateFiles" parameterType="Files">
        update sys_files
        <trim prefix="SET" suffixOverrides=",">
            <if test="url != null ">url = #{url},</if>
            <if test="status != null  and status != ''  ">status = #{status},</if>
            <if test="fileName != null  and fileName != ''  ">file_name = #{fileName},</if>
            <if test="remark != null  and remark != ''  ">remark = #{remark},</if>
            <if test="type != null  and type != ''  ">type = #{type},</if>
            <if test="delFlag != null  and delFlag != ''  ">del_flag = #{delFlag},</if>
            <if test="createBy != null  and createBy != ''  ">create_by = #{createBy},</if>
            <if test="createByName != null  and createByName != ''  ">#{createByName},</if>
            <if test="createTime != null  ">create_time = #{createTime},</if>
            <if test="updateByName != null  and updateByName != ''  ">#{updateByName},</if>
            <if test="updateBy != null  and updateBy != ''  ">update_by = #{updateBy},</if>
            <if test="updateTime != null  ">update_time = #{updateTime},</if>
            <if test="suffix != null  ">suffix = #{suffix},</if>
            <if test="content != null  ">content = #{content},</if>
        </trim>
        where id = #{id}
    </update>

	<delete id="deleteFilesById" parameterType="Integer">
        delete from sys_files where id = #{id}
    </delete>
	
    <delete id="deleteFilesByIds" parameterType="String">
        delete from sys_files where id in 
        <foreach item="id" collection="array" open="(" separator="," close=")">
            #{id}
        </foreach>
    </delete>
    
</mapper>